color,A1,B3,B2,B4,G3,Z5,G4,H3,L3,M2,R3,H4,H2,L2,Y3,M4,M3,N3,N4,G2,R4,L4,R2,Y2
A1,1.0,0.2395,0.0895,0.2012,0.286,0.0166,0.3888,0.2362,0.2913,0.2807,0.4987,0.4054,0.2733,0.3489,0.4875,0.4623,0.4102,0.354,0.4391,0.393,0.2287,0.3508,0.3002,0.4209
B3,0.2395,1.0,0.1922,0.2264,0.3469,0.0492,0.3863,0.3681,0.4397,0.2702,0.2474,0.4476,0.3287,0.379,0.372,0.4332,0.4274,0.3266,0.3693,0.5171,0.6002,0.4335,0.2961,0.475
B2,0.0895,0.1922,1.0,0.2024,0.2843,0.3272,0.1869,0.2282,0.1906,0.4419,0.2447,0.2428,0.2321,0.3314,0.2757,0.2605,0.3109,0.4081,0.2793,0.2524,0.3496,0.2854,0.351,0.2687
B4,0.2012,0.2264,0.2024,1.0,0.3428,0.2289,0.4804,0.4924,0.5724,0.4364,0.6129,0.5693,0.5129,0.536,0.4993,0.5957,0.5162,0.5668,0.5126,0.3935,0.5112,0.6049,0.5553,0.4954
G3,0.286,0.3469,0.2843,0.3428,1.0,0.3481,0.4949,0.5059,0.6298,0.6961,0.6344,0.6411,0.6552,0.6358,0.6504,0.6459,0.6911,0.6169,0.5327,0.6026,0.5688,0.6099,0.5477,0.5651
Z5,0.0166,0.0492,0.3272,0.2289,0.3481,1.0,0.1041,0.323,0.5204,0.5799,0.4965,0.4394,0.3783,0.5352,0.5072,0.4129,0.4977,0.5596,0.4565,0.5114,0.3578,0.4268,0.5531,0.4173
G4,0.3888,0.3863,0.1869,0.4804,0.4949,0.1041,1.0,0.4959,0.5781,0.444,0.5656,0.5789,0.5741,0.4899,0.5883,0.5941,0.5547,0.5449,0.5308,0.4721,0.544,0.5694,0.5076,0.4923
H3,0.2362,0.3681,0.2282,0.4924,0.5059,0.323,0.4959,1.0,0.6424,0.5788,0.5378,0.625,0.7389,0.6665,0.6233,0.5851,0.6618,0.5942,0.6293,0.5987,0.6051,0.638,0.5913,0.6306
L3,0.2913,0.4397,0.1906,0.5724,0.6298,0.5204,0.5781,0.6424,1.0,0.7559,0.8043,0.8074,0.7916,0.8324,0.8145,0.8615,0.8607,0.8131,0.84,0.8289,0.8052,0.8599,0.8367,0.8411
M2,0.2807,0.2702,0.4419,0.4364,0.6961,0.5799,0.444,0.5788,0.7559,1.0,0.7269,0.6821,0.7342,0.8018,0.7562,0.7587,0.8207,0.8144,0.7789,0.7919,0.6903,0.7828,0.8293,0.7614
R3,0.4987,0.2474,0.2447,0.6129,0.6344,0.4965,0.5656,0.5378,0.8043,0.7269,1.0,0.8163,0.7012,0.7723,0.8457,0.8262,0.8101,0.7935,0.794,0.7159,0.6437,0.7945,0.7862,0.7638
H4,0.4054,0.4476,0.2428,0.5693,0.6411,0.4394,0.5789,0.625,0.8074,0.6821,0.8163,1.0,0.7347,0.7926,0.8361,0.834,0.8386,0.7852,0.8158,0.7491,0.7757,0.8241,0.7779,0.8283
H2,0.2733,0.3287,0.2321,0.5129,0.6552,0.3783,0.5741,0.7389,0.7916,0.7342,0.7012,0.7347,1.0,0.7926,0.7723,0.7673,0.8066,0.7262,0.7695,0.7621,0.7388,0.7757,0.7701,0.757
L2,0.3489,0.379,0.3314,0.536,0.6358,0.5352,0.4899,0.6665,0.8324,0.8018,0.7723,0.7926,0.7926,1.0,0.8621,0.8294,0.884,0.8394,0.8605,0.8387,0.792,0.8476,0.8621,0.8634
Y3,0.4875,0.372,0.2757,0.4993,0.6504,0.5072,0.5883,0.6233,0.8145,0.7562,0.8457,0.8361,0.7723,0.8621,1.0,0.8515,0.8748,0.8343,0.8586,0.8159,0.7381,0.8444,0.8293,0.8467
M4,0.4623,0.4332,0.2605,0.5957,0.6459,0.4129,0.5941,0.5851,0.8615,0.7587,0.8262,0.834,0.7673,0.8294,0.8515,1.0,0.8799,0.8529,0.8877,0.8485,0.827,0.9026,0.8579,0.8973
M3,0.4102,0.4274,0.3109,0.5162,0.6911,0.4977,0.5547,0.6618,0.8607,0.8207,0.8101,0.8386,0.8066,0.884,0.8748,0.8799,1.0,0.8566,0.8846,0.8756,0.8457,0.8933,0.8762,0.9005
N3,0.354,0.3266,0.4081,0.5668,0.6169,0.5596,0.5449,0.5942,0.8131,0.8144,0.7935,0.7852,0.7262,0.8394,0.8343,0.8529,0.8566,1.0,0.8552,0.794,0.7711,0.8677,0.8802,0.8457
N4,0.4391,0.3693,0.2793,0.5126,0.5327,0.4565,0.5308,0.6293,0.84,0.7789,0.794,0.8158,0.7695,0.8605,0.8586,0.8877,0.8846,0.8552,1.0,0.8521,0.8154,0.9049,0.8914,0.9162
G2,0.393,0.5171,0.2524,0.3935,0.6026,0.5114,0.4721,0.5987,0.8289,0.7919,0.7159,0.7491,0.7621,0.8387,0.8159,0.8485,0.8756,0.794,0.8521,1.0,0.817,0.83,0.8458,0.8884
R4,0.2287,0.6002,0.3496,0.5112,0.5688,0.3578,0.544,0.6051,0.8052,0.6903,0.6437,0.7757,0.7388,0.792,0.7381,0.827,0.8457,0.7711,0.8154,0.817,1.0,0.8572,0.8032,0.869
L4,0.3508,0.4335,0.2854,0.6049,0.6099,0.4268,0.5694,0.638,0.8599,0.7828,0.7945,0.8241,0.7757,0.8476,0.8444,0.9026,0.8933,0.8677,0.9049,0.83,0.8572,1.0,0.8874,0.9106
R2,0.3002,0.2961,0.351,0.5553,0.5477,0.5531,0.5076,0.5913,0.8367,0.8293,0.7862,0.7779,0.7701,0.8621,0.8293,0.8579,0.8762,0.8802,0.8914,0.8458,0.8032,0.8874,1.0,0.8707
Y2,0.4209,0.475,0.2687,0.4954,0.5651,0.4173,0.4923,0.6306,0.8411,0.7614,0.7638,0.8283,0.757,0.8634,0.8467,0.8973,0.9005,0.8457,0.9162,0.8884,0.869,0.9106,0.8707,1.0
