model,color,count,median,share_ge_0.9,share_ge_0.5
trained,A1,16245,0.9234,0.6813,0.9968
trained,B3,11529,0.9076,0.5485,0.999
trained,B2,10857,0.9095,0.5584,0.9992
trained,B4,4989,0.8823,0.3892,0.9974
trained,G3,1150,0.8466,0.2215,0.9989
trained,Z5,750,0.9336,0.6511,0.9984
trained,G4,544,0.7907,0.0799,0.9935
trained,H3,538,0.7899,0.0542,0.9802
trained,L3,343,0.7645,0.0627,0.9752
trained,M2,258,0.7542,0.031,0.9453
trained,R3,254,0.8302,0.1027,0.9884
trained,H4,222,0.7694,0.0514,0.9794
trained,H2,207,0.814,0.0594,0.985
trained,L2,186,0.7654,0.0968,0.9864
trained,Y3,132,0.7813,0.0854,0.9622
trained,M4,119,0.8027,0.1051,0.995
trained,M3,90,0.7637,0.0365,0.9815
trained,N3,43,0.7505,0.0676,0.9347
trained,N4,43,0.8476,0.1883,1.0
trained,G2,41,0.8368,0.2354,0.9902
trained,R4,35,0.9115,0.5597,0.9479
trained,L4,31,0.8301,0.1484,1.0
trained,R2,20,0.866,0.2632,1.0
trained,Y2,10,0.8896,0.3778,1.0
random,A1,16245,0.7571,0.064,1.0
random,B3,11529,0.7429,0.0574,1.0
random,B2,10857,0.7365,0.0535,1.0
random,B4,4989,0.7445,0.0459,1.0
random,G3,1150,0.7688,0.0405,1.0
random,Z5,750,0.7321,0.0156,1.0
random,G4,544,0.735,0.0696,1.0
random,H3,538,0.7692,0.0446,1.0
random,L3,343,0.7583,0.0555,1.0
random,M2,258,0.7442,0.0402,1.0
random,R3,254,0.7446,0.0909,1.0
random,H4,222,0.744,0.0611,1.0
random,H2,207,0.7629,0.0469,1.0
random,L2,186,0.7374,0.1435,1.0
random,Y3,132,0.7393,0.0763,1.0
random,M4,119,0.7903,0.041,1.0
random,M3,90,0.7459,0.0479,1.0
random,N3,43,0.7309,0.0742,1.0
random,N4,43,0.7559,0.1141,1.0
random,G2,41,0.7718,0.0817,1.0
random,R4,35,0.7916,0.2655,1.0
random,L4,31,0.7388,0.0495,1.0
random,R2,20,0.7544,0.1842,1.0
random,Y2,10,0.7441,0.1556,1.0
